season,team,league,division
1969,Oakland Athletics,AL,West
1969,Pittsburgh Pirates,NL,East
1969,San Diego Padres,NL,West
1969,San Francisco Giants,NL,West
1969,St. Louis Cardinals,NL,East
1969,Los Angeles Angels,AL,West
1969,Washington Senators,AL,East
1969,Baltimore Orioles,AL,East
1969,Minnesota Twins,AL,West
1969,Boston Red Sox,AL,East
1969,Philadelphia Phillies,NL,East
1969,Chicago Cubs,NL,East
1969,Atlanta Braves,NL,West
1969,Cincinnati Reds,NL,West
1969,Chicago White Sox,AL,West
1969,Cleveland Guardians,AL,East
1969,New York Yankees,AL,East
1969,Detroit Tigers,AL,East
1969,Houston Astros,NL,West
1969,Kansas City Royals,AL,West
1969,Los Angeles Dodgers,NL,West
1969,Montreal Expos,NL,East
1969,New York Mets,NL,East
1969,Seattle Pilots,AL,West
1970,Oakland Athletics,AL,West
1970,Pittsburgh Pirates,NL,East
1970,San Diego Padres,NL,West
1970,San Francisco Giants,NL,West
1970,St. Louis Cardinals,NL,East
1970,Los Angeles Angels,AL,West
1970,Washington Senators,AL,East
1970,Baltimore Orioles,AL,East
1970,Minnesota Twins,AL,West
1970,Boston Red Sox,AL,East
1970,Philadelphia Phillies,NL,East
1970,Chicago Cubs,NL,East
1970,Atlanta Braves,NL,West
1970,Cincinnati Reds,NL,West
1970,Chicago White Sox,AL,West
1970,Cleveland Guardians,AL,East
1970,New York Yankees,AL,East
1970,Detroit Tigers,AL,East
1970,Houston Astros,NL,West
1970,Kansas City Royals,AL,West
1970,Los Angeles Dodgers,NL,West
1970,Montreal Expos,NL,East
1970,New York Mets,NL,East
1970,Milwaukee Brewers,AL,West
1971,Oakland Athletics,AL,West
1971,Pittsburgh Pirates,NL,East
1971,San Diego Padres,NL,West
1971,San Francisco Giants,NL,West
1971,St. Louis Cardinals,NL,East
1971,Los Angeles Angels,AL,West
1971,Washington Senators,AL,East
1971,Baltimore Orioles,AL,East
1971,Minnesota Twins,AL,West
1971,Boston Red Sox,AL,East
1971,Philadelphia Phillies,NL,East
1971,Chicago Cubs,NL,East
1971,Atlanta Braves,NL,West
1971,Cincinnati Reds,NL,West
1971,Chicago White Sox,AL,West
1971,Cleveland Guardians,AL,East
1971,New York Yankees,AL,East
1971,Detroit Tigers,AL,East
1971,Houston Astros,NL,West
1971,Kansas City Royals,AL,West
1971,Los Angeles Dodgers,NL,West
1971,Montreal Expos,NL,East
1971,New York Mets,NL,East
1971,Milwaukee Brewers,AL,West
1972,Oakland Athletics,AL,West
1972,Pittsburgh Pirates,NL,East
1972,San Diego Padres,NL,West
1972,San Francisco Giants,NL,West
1972,St. Louis Cardinals,NL,East
1972,Los Angeles Angels,AL,West
1972,Texas Rangers,AL,West
1972,Baltimore Orioles,AL,East
1972,Minnesota Twins,AL,West
1972,Boston Red Sox,AL,East
1972,Philadelphia Phillies,NL,East
1972,Chicago Cubs,NL,East
1972,Atlanta Braves,NL,West
1972,Cincinnati Reds,NL,West
1972,Chicago White Sox,AL,West
1972,Cleveland Guardians,AL,East
1972,New York Yankees,AL,East
1972,Detroit Tigers,AL,East
1972,Houston Astros,NL,West
1972,Kansas City Royals,AL,West
1972,Los Angeles Dodgers,NL,West
1972,Montreal Expos,NL,East
1972,New York Mets,NL,East
1972,Milwaukee Brewers,AL,East
1973,Oakland Athletics,AL,West
1973,Pittsburgh Pirates,NL,East
1973,San Diego Padres,NL,West
1973,San Francisco Giants,NL,West
1973,St. Louis Cardinals,NL,East
1973,Los Angeles Angels,AL,West
1973,Texas Rangers,AL,West
1973,Baltimore Orioles,AL,East
1973,Minnesota Twins,AL,West
1973,Boston Red Sox,AL,East
1973,Philadelphia Phillies,NL,East
1973,Chicago Cubs,NL,East
1973,Atlanta Braves,NL,West
1973,Cincinnati Reds,NL,West
1973,Chicago White Sox,AL,West
1973,Cleveland Guardians,AL,East
1973,New York Yankees,AL,East
1973,Detroit Tigers,AL,East
1973,Houston Astros,NL,West
1973,Kansas City Royals,AL,West
1973,Los Angeles Dodgers,NL,West
1973,Montreal Expos,NL,East
1973,New York Mets,NL,East
1973,Milwaukee Brewers,AL,East
1974,Oakland Athletics,AL,West
1974,Pittsburgh Pirates,NL,East
1974,San Diego Padres,NL,West
1974,San Francisco Giants,NL,West
1974,St. Louis Cardinals,NL,East
1974,Los Angeles Angels,AL,West
1974,Texas Rangers,AL,West
1974,Baltimore Orioles,AL,East
1974,Minnesota Twins,AL,West
1974,Boston Red Sox,AL,East
1974,Philadelphia Phillies,NL,East
1974,Chicago Cubs,NL,East
1974,Atlanta Braves,NL,West
1974,Cincinnati Reds,NL,West
1974,Chicago White Sox,AL,West
1974,Cleveland Guardians,AL,East
1974,New York Yankees,AL,East
1974,Detroit Tigers,AL,East
1974,Houston Astros,NL,West
1974,Kansas City Royals,AL,West
1974,Los Angeles Dodgers,NL,West
1974,Montreal Expos,NL,East
1974,New York Mets,NL,East
1974,Milwaukee Brewers,AL,East
1975,Oakland Athletics,AL,West
1975,Pittsburgh Pirates,NL,East
1975,San Diego Padres,NL,West
1975,San Francisco Giants,NL,West
1975,St. Louis Cardinals,NL,East
1975,Los Angeles Angels,AL,West
1975,Texas Rangers,AL,West
1975,Baltimore Orioles,AL,East
1975,Minnesota Twins,AL,West
1975,Boston Red Sox,AL,East
1975,Philadelphia Phillies,NL,East
1975,Chicago Cubs,NL,East
1975,Atlanta Braves,NL,West
1975,Cincinnati Reds,NL,West
1975,Chicago White Sox,AL,West
1975,Cleveland Guardians,AL,East
1975,New York Yankees,AL,East
1975,Detroit Tigers,AL,East
1975,Houston Astros,NL,West
1975,Kansas City Royals,AL,West
1975,Los Angeles Dodgers,NL,West
1975,Montreal Expos,NL,East
1975,New York Mets,NL,East
1975,Milwaukee Brewers,AL,East
1976,Oakland Athletics,AL,West
1976,Pittsburgh Pirates,NL,East
1976,San Diego Padres,NL,West
1976,San Francisco Giants,NL,West
1976,St. Louis Cardinals,NL,East
1976,Los Angeles Angels,AL,West
1976,Texas Rangers,AL,West
1976,Baltimore Orioles,AL,East
1976,Minnesota Twins,AL,West
1976,Boston Red Sox,AL,East
1976,Philadelphia Phillies,NL,East
1976,Chicago Cubs,NL,East
1976,Atlanta Braves,NL,West
1976,Cincinnati Reds,NL,West
1976,Chicago White Sox,AL,West
1976,Cleveland Guardians,AL,East
1976,New York Yankees,AL,East
1976,Detroit Tigers,AL,East
1976,Houston Astros,NL,West
1976,Kansas City Royals,AL,West
1976,Los Angeles Dodgers,NL,West
1976,Montreal Expos,NL,East
1976,New York Mets,NL,East
1976,Milwaukee Brewers,AL,East
1977,Oakland Athletics,AL,West
1977,Pittsburgh Pirates,NL,East
1977,San Diego Padres,NL,West
1977,Seattle Mariners,AL,West
1977,San Francisco Giants,NL,West
1977,St. Louis Cardinals,NL,East
1977,Texas Rangers,AL,West
1977,Toronto Blue Jays,AL,East
1977,Minnesota Twins,AL,West
1977,Philadelphia Phillies,NL,East
1977,Atlanta Braves,NL,West
1977,Chicago White Sox,AL,West
1977,New York Yankees,AL,East
1977,Milwaukee Brewers,AL,East
1977,Los Angeles Angels,AL,West
1977,Baltimore Orioles,AL,East
1977,Boston Red Sox,AL,East
1977,Chicago Cubs,NL,East
1977,Cincinnati Reds,NL,West
1977,Cleveland Guardians,AL,East
1977,Detroit Tigers,AL,East
1977,Houston Astros,NL,West
1977,Kansas City Royals,AL,West
1977,Los Angeles Dodgers,NL,West
1977,Montreal Expos,NL,East
1977,New York Mets,NL,East
1978,Oakland Athletics,AL,West
1978,Pittsburgh Pirates,NL,East
1978,San Diego Padres,NL,West
1978,Seattle Mariners,AL,West
1978,San Francisco Giants,NL,West
1978,St. Louis Cardinals,NL,East
1978,Texas Rangers,AL,West
1978,Toronto Blue Jays,AL,East
1978,Minnesota Twins,AL,West
1978,Philadelphia Phillies,NL,East
1978,Atlanta Braves,NL,West
1978,Chicago White Sox,AL,West
1978,New York Yankees,AL,East
1978,Milwaukee Brewers,AL,East
1978,Los Angeles Angels,AL,West
1978,Baltimore Orioles,AL,East
1978,Boston Red Sox,AL,East
1978,Chicago Cubs,NL,East
1978,Cincinnati Reds,NL,West
1978,Cleveland Guardians,AL,East
1978,Detroit Tigers,AL,East
1978,Houston Astros,NL,West
1978,Kansas City Royals,AL,West
1978,Los Angeles Dodgers,NL,West
1978,Montreal Expos,NL,East
1978,New York Mets,NL,East
1979,Oakland Athletics,AL,West
1979,Pittsburgh Pirates,NL,East
1979,San Diego Padres,NL,West
1979,Seattle Mariners,AL,West
1979,San Francisco Giants,NL,West
1979,St. Louis Cardinals,NL,East
1979,Texas Rangers,AL,West
1979,Toronto Blue Jays,AL,East
1979,Minnesota Twins,AL,West
1979,Philadelphia Phillies,NL,East
1979,Atlanta Braves,NL,West
1979,Chicago White Sox,AL,West
1979,New York Yankees,AL,East
1979,Milwaukee Brewers,AL,East
1979,Los Angeles Angels,AL,West
1979,Baltimore Orioles,AL,East
1979,Boston Red Sox,AL,East
1979,Chicago Cubs,NL,East
1979,Cincinnati Reds,NL,West
1979,Cleveland Guardians,AL,East
1979,Detroit Tigers,AL,East
1979,Houston Astros,NL,West
1979,Kansas City Royals,AL,West
1979,Los Angeles Dodgers,NL,West
1979,Montreal Expos,NL,East
1979,New York Mets,NL,East
1980,Oakland Athletics,AL,West
1980,Pittsburgh Pirates,NL,East
1980,San Diego Padres,NL,West
1980,Seattle Mariners,AL,West
1980,San Francisco Giants,NL,West
1980,St. Louis Cardinals,NL,East
1980,Texas Rangers,AL,West
1980,Toronto Blue Jays,AL,East
1980,Minnesota Twins,AL,West
1980,Philadelphia Phillies,NL,East
1980,Atlanta Braves,NL,West
1980,Chicago White Sox,AL,West
1980,New York Yankees,AL,East
1980,Milwaukee Brewers,AL,East
1980,Los Angeles Angels,AL,West
1980,Baltimore Orioles,AL,East
1980,Boston Red Sox,AL,East
1980,Chicago Cubs,NL,East
1980,Cincinnati Reds,NL,West
1980,Cleveland Guardians,AL,East
1980,Detroit Tigers,AL,East
1980,Houston Astros,NL,West
1980,Kansas City Royals,AL,West
1980,Los Angeles Dodgers,NL,West
1980,Montreal Expos,NL,East
1980,New York Mets,NL,East
1981,Oakland Athletics,AL,West
1981,Pittsburgh Pirates,NL,East
1981,San Diego Padres,NL,West
1981,Seattle Mariners,AL,West
1981,San Francisco Giants,NL,West
1981,St. Louis Cardinals,NL,East
1981,Texas Rangers,AL,West
1981,Toronto Blue Jays,AL,East
1981,Minnesota Twins,AL,West
1981,Philadelphia Phillies,NL,East
1981,Atlanta Braves,NL,West
1981,Chicago White Sox,AL,West
1981,New York Yankees,AL,East
1981,Milwaukee Brewers,AL,East
1981,Los Angeles Angels,AL,West
1981,Baltimore Orioles,AL,East
1981,Boston Red Sox,AL,East
1981,Chicago Cubs,NL,East
1981,Cincinnati Reds,NL,West
1981,Cleveland Guardians,AL,East
1981,Detroit Tigers,AL,East
1981,Houston Astros,NL,West
1981,Kansas City Royals,AL,West
1981,Los Angeles Dodgers,NL,West
1981,Montreal Expos,NL,East
1981,New York Mets,NL,East
1982,Oakland Athletics,AL,West
1982,Pittsburgh Pirates,NL,East
1982,San Diego Padres,NL,West
1982,Seattle Mariners,AL,West
1982,San Francisco Giants,NL,West
1982,St. Louis Cardinals,NL,East
1982,Texas Rangers,AL,West
1982,Toronto Blue Jays,AL,East
1982,Minnesota Twins,AL,West
1982,Philadelphia Phillies,NL,East
1982,Atlanta Braves,NL,West
1982,Chicago White Sox,AL,West
1982,New York Yankees,AL,East
1982,Milwaukee Brewers,AL,East
1982,Los Angeles Angels,AL,West
1982,Baltimore Orioles,AL,East
1982,Boston Red Sox,AL,East
1982,Chicago Cubs,NL,East
1982,Cincinnati Reds,NL,West
1982,Cleveland Guardians,AL,East
1982,Detroit Tigers,AL,East
1982,Houston Astros,NL,West
1982,Kansas City Royals,AL,West
1982,Los Angeles Dodgers,NL,West
1982,Montreal Expos,NL,East
1982,New York Mets,NL,East
1983,Oakland Athletics,AL,West
1983,Pittsburgh Pirates,NL,East
1983,San Diego Padres,NL,West
1983,Seattle Mariners,AL,West
1983,San Francisco Giants,NL,West
1983,St. Louis Cardinals,NL,East
1983,Texas Rangers,AL,West
1983,Toronto Blue Jays,AL,East
1983,Minnesota Twins,AL,West
1983,Philadelphia Phillies,NL,East
1983,Atlanta Braves,NL,West
1983,Chicago White Sox,AL,West
1983,New York Yankees,AL,East
1983,Milwaukee Brewers,AL,East
1983,Los Angeles Angels,AL,West
1983,Baltimore Orioles,AL,East
1983,Boston Red Sox,AL,East
1983,Chicago Cubs,NL,East
1983,Cincinnati Reds,NL,West
1983,Cleveland Guardians,AL,East
1983,Detroit Tigers,AL,East
1983,Houston Astros,NL,West
1983,Kansas City Royals,AL,West
1983,Los Angeles Dodgers,NL,West
1983,Montreal Expos,NL,East
1983,New York Mets,NL,East
1984,Oakland Athletics,AL,West
1984,Pittsburgh Pirates,NL,East
1984,San Diego Padres,NL,West
1984,Seattle Mariners,AL,West
1984,San Francisco Giants,NL,West
1984,St. Louis Cardinals,NL,East
1984,Texas Rangers,AL,West
1984,Toronto Blue Jays,AL,East
1984,Minnesota Twins,AL,West
1984,Philadelphia Phillies,NL,East
1984,Atlanta Braves,NL,West
1984,Chicago White Sox,AL,West
1984,New York Yankees,AL,East
1984,Milwaukee Brewers,AL,East
1984,Los Angeles Angels,AL,West
1984,Baltimore Orioles,AL,East
1984,Boston Red Sox,AL,East
1984,Chicago Cubs,NL,East
1984,Cincinnati Reds,NL,West
1984,Cleveland Guardians,AL,East
1984,Detroit Tigers,AL,East
1984,Houston Astros,NL,West
1984,Kansas City Royals,AL,West
1984,Los Angeles Dodgers,NL,West
1984,Montreal Expos,NL,East
1984,New York Mets,NL,East
1985,Oakland Athletics,AL,West
1985,Pittsburgh Pirates,NL,East
1985,San Diego Padres,NL,West
1985,Seattle Mariners,AL,West
1985,San Francisco Giants,NL,West
1985,St. Louis Cardinals,NL,East
1985,Texas Rangers,AL,West
1985,Toronto Blue Jays,AL,East
1985,Minnesota Twins,AL,West
1985,Philadelphia Phillies,NL,East
1985,Atlanta Braves,NL,West
1985,Chicago White Sox,AL,West
1985,New York Yankees,AL,East
1985,Milwaukee Brewers,AL,East
1985,Los Angeles Angels,AL,West
1985,Baltimore Orioles,AL,East
1985,Boston Red Sox,AL,East
1985,Chicago Cubs,NL,East
1985,Cincinnati Reds,NL,West
1985,Cleveland Guardians,AL,East
1985,Detroit Tigers,AL,East
1985,Houston Astros,NL,West
1985,Kansas City Royals,AL,West
1985,Los Angeles Dodgers,NL,West
1985,Montreal Expos,NL,East
1985,New York Mets,NL,East
1986,Oakland Athletics,AL,West
1986,Pittsburgh Pirates,NL,East
1986,San Diego Padres,NL,West
1986,Seattle Mariners,AL,West
1986,San Francisco Giants,NL,West
1986,St. Louis Cardinals,NL,East
1986,Texas Rangers,AL,West
1986,Toronto Blue Jays,AL,East
1986,Minnesota Twins,AL,West
1986,Philadelphia Phillies,NL,East
1986,Atlanta Braves,NL,West
1986,Chicago White Sox,AL,West
1986,New York Yankees,AL,East
1986,Milwaukee Brewers,AL,East
1986,Los Angeles Angels,AL,West
1986,Baltimore Orioles,AL,East
1986,Boston Red Sox,AL,East
1986,Chicago Cubs,NL,East
1986,Cincinnati Reds,NL,West
1986,Cleveland Guardians,AL,East
1986,Detroit Tigers,AL,East
1986,Houston Astros,NL,West
1986,Kansas City Royals,AL,West
1986,Los Angeles Dodgers,NL,West
1986,Montreal Expos,NL,East
1986,New York Mets,NL,East
1987,Oakland Athletics,AL,West
1987,Pittsburgh Pirates,NL,East
1987,San Diego Padres,NL,West
1987,Seattle Mariners,AL,West
1987,San Francisco Giants,NL,West
1987,St. Louis Cardinals,NL,East
1987,Texas Rangers,AL,West
1987,Toronto Blue Jays,AL,East
1987,Minnesota Twins,AL,West
1987,Philadelphia Phillies,NL,East
1987,Atlanta Braves,NL,West
1987,Chicago White Sox,AL,West
1987,New York Yankees,AL,East
1987,Milwaukee Brewers,AL,East
1987,Los Angeles Angels,AL,West
1987,Baltimore Orioles,AL,East
1987,Boston Red Sox,AL,East
1987,Chicago Cubs,NL,East
1987,Cincinnati Reds,NL,West
1987,Cleveland Guardians,AL,East
1987,Detroit Tigers,AL,East
1987,Houston Astros,NL,West
1987,Kansas City Royals,AL,West
1987,Los Angeles Dodgers,NL,West
1987,Montreal Expos,NL,East
1987,New York Mets,NL,East
1988,Oakland Athletics,AL,West
1988,Pittsburgh Pirates,NL,East
1988,San Diego Padres,NL,West
1988,Seattle Mariners,AL,West
1988,San Francisco Giants,NL,West
1988,St. Louis Cardinals,NL,East
1988,Texas Rangers,AL,West
1988,Toronto Blue Jays,AL,East
1988,Minnesota Twins,AL,West
1988,Philadelphia Phillies,NL,East
1988,Atlanta Braves,NL,West
1988,Chicago White Sox,AL,West
1988,New York Yankees,AL,East
1988,Milwaukee Brewers,AL,East
1988,Los Angeles Angels,AL,West
1988,Baltimore Orioles,AL,East
1988,Boston Red Sox,AL,East
1988,Chicago Cubs,NL,East
1988,Cincinnati Reds,NL,West
1988,Cleveland Guardians,AL,East
1988,Detroit Tigers,AL,East
1988,Houston Astros,NL,West
1988,Kansas City Royals,AL,West
1988,Los Angeles Dodgers,NL,West
1988,Montreal Expos,NL,East
1988,New York Mets,NL,East
1989,Oakland Athletics,AL,West
1989,Pittsburgh Pirates,NL,East
1989,San Diego Padres,NL,West
1989,Seattle Mariners,AL,West
1989,San Francisco Giants,NL,West
1989,St. Louis Cardinals,NL,East
1989,Texas Rangers,AL,West
1989,Toronto Blue Jays,AL,East
1989,Minnesota Twins,AL,West
1989,Philadelphia Phillies,NL,East
1989,Atlanta Braves,NL,West
1989,Chicago White Sox,AL,West
1989,New York Yankees,AL,East
1989,Milwaukee Brewers,AL,East
1989,Los Angeles Angels,AL,West
1989,Baltimore Orioles,AL,East
1989,Boston Red Sox,AL,East
1989,Chicago Cubs,NL,East
1989,Cincinnati Reds,NL,West
1989,Cleveland Guardians,AL,East
1989,Detroit Tigers,AL,East
1989,Houston Astros,NL,West
1989,Kansas City Royals,AL,West
1989,Los Angeles Dodgers,NL,West
1989,Montreal Expos,NL,East
1989,New York Mets,NL,East
1990,Oakland Athletics,AL,West
1990,Pittsburgh Pirates,NL,East
1990,San Diego Padres,NL,West
1990,Seattle Mariners,AL,West
1990,San Francisco Giants,NL,West
1990,St. Louis Cardinals,NL,East
1990,Texas Rangers,AL,West
1990,Toronto Blue Jays,AL,East
1990,Minnesota Twins,AL,West
1990,Philadelphia Phillies,NL,East
1990,Atlanta Braves,NL,West
1990,Chicago White Sox,AL,West
1990,New York Yankees,AL,East
1990,Milwaukee Brewers,AL,East
1990,Los Angeles Angels,AL,West
1990,Baltimore Orioles,AL,East
1990,Boston Red Sox,AL,East
1990,Chicago Cubs,NL,East
1990,Cincinnati Reds,NL,West
1990,Cleveland Guardians,AL,East
1990,Detroit Tigers,AL,East
1990,Houston Astros,NL,West
1990,Kansas City Royals,AL,West
1990,Los Angeles Dodgers,NL,West
1990,Montreal Expos,NL,East
1990,New York Mets,NL,East
1991,Oakland Athletics,AL,West
1991,Pittsburgh Pirates,NL,East
1991,San Diego Padres,NL,West
1991,Seattle Mariners,AL,West
1991,San Francisco Giants,NL,West
1991,St. Louis Cardinals,NL,East
1991,Texas Rangers,AL,West
1991,Toronto Blue Jays,AL,East
1991,Minnesota Twins,AL,West
1991,Philadelphia Phillies,NL,East
1991,Atlanta Braves,NL,West
1991,Chicago White Sox,AL,West
1991,New York Yankees,AL,East
1991,Milwaukee Brewers,AL,East
1991,Los Angeles Angels,AL,West
1991,Baltimore Orioles,AL,East
1991,Boston Red Sox,AL,East
1991,Chicago Cubs,NL,East
1991,Cincinnati Reds,NL,West
1991,Cleveland Guardians,AL,East
1991,Detroit Tigers,AL,East
1991,Houston Astros,NL,West
1991,Kansas City Royals,AL,West
1991,Los Angeles Dodgers,NL,West
1991,Montreal Expos,NL,East
1991,New York Mets,NL,East
1992,Oakland Athletics,AL,West
1992,Pittsburgh Pirates,NL,East
1992,San Diego Padres,NL,West
1992,Seattle Mariners,AL,West
1992,San Francisco Giants,NL,West
1992,St. Louis Cardinals,NL,East
1992,Texas Rangers,AL,West
1992,Toronto Blue Jays,AL,East
1992,Minnesota Twins,AL,West
1992,Philadelphia Phillies,NL,East
1992,Atlanta Braves,NL,West
1992,Chicago White Sox,AL,West
1992,New York Yankees,AL,East
1992,Milwaukee Brewers,AL,East
1992,Los Angeles Angels,AL,West
1992,Baltimore Orioles,AL,East
1992,Boston Red Sox,AL,East
1992,Chicago Cubs,NL,East
1992,Cincinnati Reds,NL,West
1992,Cleveland Guardians,AL,East
1992,Detroit Tigers,AL,East
1992,Houston Astros,NL,West
1992,Kansas City Royals,AL,West
1992,Los Angeles Dodgers,NL,West
1992,Montreal Expos,NL,East
1992,New York Mets,NL,East
1993,Oakland Athletics,AL,West
1993,Pittsburgh Pirates,NL,East
1993,San Diego Padres,NL,West
1993,Seattle Mariners,AL,West
1993,San Francisco Giants,NL,West
1993,St. Louis Cardinals,NL,East
1993,Texas Rangers,AL,West
1993,Toronto Blue Jays,AL,East
1993,Minnesota Twins,AL,West
1993,Philadelphia Phillies,NL,East
1993,Atlanta Braves,NL,West
1993,Chicago White Sox,AL,West
1993,Miami Marlins,NL,East
1993,New York Yankees,AL,East
1993,Milwaukee Brewers,AL,East
1993,Los Angeles Angels,AL,West
1993,Baltimore Orioles,AL,East
1993,Boston Red Sox,AL,East
1993,Chicago Cubs,NL,East
1993,Cincinnati Reds,NL,West
1993,Cleveland Guardians,AL,East
1993,Colorado Rockies,NL,West
1993,Detroit Tigers,AL,East
1993,Houston Astros,NL,West
1993,Kansas City Royals,AL,West
1993,Los Angeles Dodgers,NL,West
1993,Montreal Expos,NL,East
1993,New York Mets,NL,East
1994,Oakland Athletics,AL,West
1994,Pittsburgh Pirates,NL,Central
1994,San Diego Padres,NL,West
1994,Seattle Mariners,AL,West
1994,San Francisco Giants,NL,West
1994,St. Louis Cardinals,NL,Central
1994,Texas Rangers,AL,West
1994,Toronto Blue Jays,AL,East
1994,Minnesota Twins,AL,Central
1994,Philadelphia Phillies,NL,East
1994,Atlanta Braves,NL,East
1994,Chicago White Sox,AL,Central
1994,Miami Marlins,NL,East
1994,New York Yankees,AL,East
1994,Milwaukee Brewers,AL,Central
1994,Los Angeles Angels,AL,West
1994,Baltimore Orioles,AL,East
1994,Boston Red Sox,AL,East
1994,Chicago Cubs,NL,Central
1994,Cincinnati Reds,NL,Central
1994,Cleveland Guardians,AL,Central
1994,Colorado Rockies,NL,West
1994,Detroit Tigers,AL,East
1994,Houston Astros,NL,Central
1994,Kansas City Royals,AL,Central
1994,Los Angeles Dodgers,NL,West
1994,Montreal Expos,NL,East
1994,New York Mets,NL,East
1995,Oakland Athletics,AL,West
1995,Pittsburgh Pirates,NL,Central
1995,San Diego Padres,NL,West
1995,Seattle Mariners,AL,West
1995,San Francisco Giants,NL,West
1995,St. Louis Cardinals,NL,Central
1995,Texas Rangers,AL,West
1995,Toronto Blue Jays,AL,East
1995,Minnesota Twins,AL,Central
1995,Philadelphia Phillies,NL,East
1995,Atlanta Braves,NL,East
1995,Chicago White Sox,AL,Central
1995,Miami Marlins,NL,East
1995,New York Yankees,AL,East
1995,Milwaukee Brewers,AL,Central
1995,Los Angeles Angels,AL,West
1995,Baltimore Orioles,AL,East
1995,Boston Red Sox,AL,East
1995,Chicago Cubs,NL,Central
1995,Cincinnati Reds,NL,Central
1995,Cleveland Guardians,AL,Central
1995,Colorado Rockies,NL,West
1995,Detroit Tigers,AL,East
1995,Houston Astros,NL,Central
1995,Kansas City Royals,AL,Central
1995,Los Angeles Dodgers,NL,West
1995,Montreal Expos,NL,East
1995,New York Mets,NL,East
1996,Oakland Athletics,AL,West
1996,Pittsburgh Pirates,NL,Central
1996,San Diego Padres,NL,West
1996,Seattle Mariners,AL,West
1996,San Francisco Giants,NL,West
1996,St. Louis Cardinals,NL,Central
1996,Texas Rangers,AL,West
1996,Toronto Blue Jays,AL,East
1996,Minnesota Twins,AL,Central
1996,Philadelphia Phillies,NL,East
1996,Atlanta Braves,NL,East
1996,Chicago White Sox,AL,Central
1996,Miami Marlins,NL,East
1996,New York Yankees,AL,East
1996,Milwaukee Brewers,AL,Central
1996,Los Angeles Angels,AL,West
1996,Baltimore Orioles,AL,East
1996,Boston Red Sox,AL,East
1996,Chicago Cubs,NL,Central
1996,Cincinnati Reds,NL,Central
1996,Cleveland Guardians,AL,Central
1996,Colorado Rockies,NL,West
1996,Detroit Tigers,AL,East
1996,Houston Astros,NL,Central
1996,Kansas City Royals,AL,Central
1996,Los Angeles Dodgers,NL,West
1996,Montreal Expos,NL,East
1996,New York Mets,NL,East
1997,Oakland Athletics,AL,West
1997,Pittsburgh Pirates,NL,Central
1997,San Diego Padres,NL,West
1997,Seattle Mariners,AL,West
1997,San Francisco Giants,NL,West
1997,St. Louis Cardinals,NL,Central
1997,Texas Rangers,AL,West
1997,Toronto Blue Jays,AL,East
1997,Minnesota Twins,AL,Central
1997,Philadelphia Phillies,NL,East
1997,Atlanta Braves,NL,East
1997,Chicago White Sox,AL,Central
1997,Miami Marlins,NL,East
1997,New York Yankees,AL,East
1997,Milwaukee Brewers,AL,Central
1997,Los Angeles Angels,AL,West
1997,Baltimore Orioles,AL,East
1997,Boston Red Sox,AL,East
1997,Chicago Cubs,NL,Central
1997,Cincinnati Reds,NL,Central
1997,Cleveland Guardians,AL,Central
1997,Colorado Rockies,NL,West
1997,Detroit Tigers,AL,East
1997,Houston Astros,NL,Central
1997,Kansas City Royals,AL,Central
1997,Los Angeles Dodgers,NL,West
1997,Montreal Expos,NL,East
1997,New York Mets,NL,East
1998,Oakland Athletics,AL,West
1998,Pittsburgh Pirates,NL,Central
1998,San Diego Padres,NL,West
1998,Seattle Mariners,AL,West
1998,San Francisco Giants,NL,West
1998,St. Louis Cardinals,NL,Central
1998,Tampa Bay Rays,AL,East
1998,Texas Rangers,AL,West
1998,Toronto Blue Jays,AL,East
1998,Minnesota Twins,AL,Central
1998,Philadelphia Phillies,NL,East
1998,Atlanta Braves,NL,East
1998,Chicago White Sox,AL,Central
1998,Miami Marlins,NL,East
1998,New York Yankees,AL,East
1998,Milwaukee Brewers,NL,Central
1998,Los Angeles Angels,AL,West
1998,Arizona Diamondbacks,NL,West
1998,Baltimore Orioles,AL,East
1998,Boston Red Sox,AL,East
1998,Chicago Cubs,NL,Central
1998,Cincinnati Reds,NL,Central
1998,Cleveland Guardians,AL,Central
1998,Colorado Rockies,NL,West
1998,Detroit Tigers,AL,Central
1998,Houston Astros,NL,Central
1998,Kansas City Royals,AL,Central
1998,Los Angeles Dodgers,NL,West
1998,Montreal Expos,NL,East
1998,New York Mets,NL,East
1999,Oakland Athletics,AL,West
1999,Pittsburgh Pirates,NL,Central
1999,San Diego Padres,NL,West
1999,Seattle Mariners,AL,West
1999,San Francisco Giants,NL,West
1999,St. Louis Cardinals,NL,Central
1999,Tampa Bay Rays,AL,East
1999,Texas Rangers,AL,West
1999,Toronto Blue Jays,AL,East
1999,Minnesota Twins,AL,Central
1999,Philadelphia Phillies,NL,East
1999,Atlanta Braves,NL,East
1999,Chicago White Sox,AL,Central
1999,Miami Marlins,NL,East
1999,New York Yankees,AL,East
1999,Milwaukee Brewers,NL,Central
1999,Los Angeles Angels,AL,West
1999,Arizona Diamondbacks,NL,West
1999,Baltimore Orioles,AL,East
1999,Boston Red Sox,AL,East
1999,Chicago Cubs,NL,Central
1999,Cincinnati Reds,NL,Central
1999,Cleveland Guardians,AL,Central
1999,Colorado Rockies,NL,West
1999,Detroit Tigers,AL,Central
1999,Houston Astros,NL,Central
1999,Kansas City Royals,AL,Central
1999,Los Angeles Dodgers,NL,West
1999,Montreal Expos,NL,East
1999,New York Mets,NL,East
2000,Oakland Athletics,AL,West
2000,Pittsburgh Pirates,NL,Central
2000,San Diego Padres,NL,West
2000,Seattle Mariners,AL,West
2000,San Francisco Giants,NL,West
2000,St. Louis Cardinals,NL,Central
2000,Tampa Bay Rays,AL,East
2000,Texas Rangers,AL,West
2000,Toronto Blue Jays,AL,East
2000,Minnesota Twins,AL,Central
2000,Philadelphia Phillies,NL,East
2000,Atlanta Braves,NL,East
2000,Chicago White Sox,AL,Central
2000,Miami Marlins,NL,East
2000,New York Yankees,AL,East
2000,Milwaukee Brewers,NL,Central
2000,Los Angeles Angels,AL,West
2000,Arizona Diamondbacks,NL,West
2000,Baltimore Orioles,AL,East
2000,Boston Red Sox,AL,East
2000,Chicago Cubs,NL,Central
2000,Cincinnati Reds,NL,Central
2000,Cleveland Guardians,AL,Central
2000,Colorado Rockies,NL,West
2000,Detroit Tigers,AL,Central
2000,Houston Astros,NL,Central
2000,Kansas City Royals,AL,Central
2000,Los Angeles Dodgers,NL,West
2000,Montreal Expos,NL,East
2000,New York Mets,NL,East
2001,Oakland Athletics,AL,West
2001,Pittsburgh Pirates,NL,Central
2001,San Diego Padres,NL,West
2001,Seattle Mariners,AL,West
2001,San Francisco Giants,NL,West
2001,St. Louis Cardinals,NL,Central
2001,Tampa Bay Rays,AL,East
2001,Texas Rangers,AL,West
2001,Toronto Blue Jays,AL,East
2001,Minnesota Twins,AL,Central
2001,Philadelphia Phillies,NL,East
2001,Atlanta Braves,NL,East
2001,Chicago White Sox,AL,Central
2001,Miami Marlins,NL,East
2001,New York Yankees,AL,East
2001,Milwaukee Brewers,NL,Central
2001,Los Angeles Angels,AL,West
2001,Arizona Diamondbacks,NL,West
2001,Baltimore Orioles,AL,East
2001,Boston Red Sox,AL,East
2001,Chicago Cubs,NL,Central
2001,Cincinnati Reds,NL,Central
2001,Cleveland Guardians,AL,Central
2001,Colorado Rockies,NL,West
2001,Detroit Tigers,AL,Central
2001,Houston Astros,NL,Central
2001,Kansas City Royals,AL,Central
2001,Los Angeles Dodgers,NL,West
2001,Montreal Expos,NL,East
2001,New York Mets,NL,East
2002,Oakland Athletics,AL,West
2002,Pittsburgh Pirates,NL,Central
2002,San Diego Padres,NL,West
2002,Seattle Mariners,AL,West
2002,San Francisco Giants,NL,West
2002,St. Louis Cardinals,NL,Central
2002,Tampa Bay Rays,AL,East
2002,Texas Rangers,AL,West
2002,Toronto Blue Jays,AL,East
2002,Minnesota Twins,AL,Central
2002,Philadelphia Phillies,NL,East
2002,Atlanta Braves,NL,East
2002,Chicago White Sox,AL,Central
2002,Miami Marlins,NL,East
2002,New York Yankees,AL,East
2002,Milwaukee Brewers,NL,Central
2002,Los Angeles Angels,AL,West
2002,Arizona Diamondbacks,NL,West
2002,Baltimore Orioles,AL,East
2002,Boston Red Sox,AL,East
2002,Chicago Cubs,NL,Central
2002,Cincinnati Reds,NL,Central
2002,Cleveland Guardians,AL,Central
2002,Colorado Rockies,NL,West
2002,Detroit Tigers,AL,Central
2002,Houston Astros,NL,Central
2002,Kansas City Royals,AL,Central
2002,Los Angeles Dodgers,NL,West
2002,Montreal Expos,NL,East
2002,New York Mets,NL,East
2003,Oakland Athletics,AL,West
2003,Pittsburgh Pirates,NL,Central
2003,San Diego Padres,NL,West
2003,Seattle Mariners,AL,West
2003,San Francisco Giants,NL,West
2003,St. Louis Cardinals,NL,Central
2003,Tampa Bay Rays,AL,East
2003,Texas Rangers,AL,West
2003,Toronto Blue Jays,AL,East
2003,Minnesota Twins,AL,Central
2003,Philadelphia Phillies,NL,East
2003,Atlanta Braves,NL,East
2003,Chicago White Sox,AL,Central
2003,Miami Marlins,NL,East
2003,New York Yankees,AL,East
2003,Milwaukee Brewers,NL,Central
2003,Los Angeles Angels,AL,West
2003,Arizona Diamondbacks,NL,West
2003,Baltimore Orioles,AL,East
2003,Boston Red Sox,AL,East
2003,Chicago Cubs,NL,Central
2003,Cincinnati Reds,NL,Central
2003,Cleveland Guardians,AL,Central
2003,Colorado Rockies,NL,West
2003,Detroit Tigers,AL,Central
2003,Houston Astros,NL,Central
2003,Kansas City Royals,AL,Central
2003,Los Angeles Dodgers,NL,West
2003,Montreal Expos,NL,East
2003,New York Mets,NL,East
2004,Oakland Athletics,AL,West
2004,Pittsburgh Pirates,NL,Central
2004,San Diego Padres,NL,West
2004,Seattle Mariners,AL,West
2004,San Francisco Giants,NL,West
2004,St. Louis Cardinals,NL,Central
2004,Tampa Bay Rays,AL,East
2004,Texas Rangers,AL,West
2004,Toronto Blue Jays,AL,East
2004,Minnesota Twins,AL,Central
2004,Philadelphia Phillies,NL,East
2004,Atlanta Braves,NL,East
2004,Chicago White Sox,AL,Central
2004,Miami Marlins,NL,East
2004,New York Yankees,AL,East
2004,Milwaukee Brewers,NL,Central
2004,Los Angeles Angels,AL,West
2004,Arizona Diamondbacks,NL,West
2004,Baltimore Orioles,AL,East
2004,Boston Red Sox,AL,East
2004,Chicago Cubs,NL,Central
2004,Cincinnati Reds,NL,Central
2004,Cleveland Guardians,AL,Central
2004,Colorado Rockies,NL,West
2004,Detroit Tigers,AL,Central
2004,Houston Astros,NL,Central
2004,Kansas City Royals,AL,Central
2004,Los Angeles Dodgers,NL,West
2004,Montreal Expos,NL,East
2004,New York Mets,NL,East
2005,Oakland Athletics,AL,West
2005,Pittsburgh Pirates,NL,Central
2005,San Diego Padres,NL,West
2005,Seattle Mariners,AL,West
2005,San Francisco Giants,NL,West
2005,St. Louis Cardinals,NL,Central
2005,Tampa Bay Rays,AL,East
2005,Texas Rangers,AL,West
2005,Toronto Blue Jays,AL,East
2005,Minnesota Twins,AL,Central
2005,Philadelphia Phillies,NL,East
2005,Atlanta Braves,NL,East
2005,Chicago White Sox,AL,Central
2005,Miami Marlins,NL,East
2005,New York Yankees,AL,East
2005,Milwaukee Brewers,NL,Central
2005,Los Angeles Angels,AL,West
2005,Arizona Diamondbacks,NL,West
2005,Baltimore Orioles,AL,East
2005,Boston Red Sox,AL,East
2005,Chicago Cubs,NL,Central
2005,Cincinnati Reds,NL,Central
2005,Cleveland Guardians,AL,Central
2005,Colorado Rockies,NL,West
2005,Detroit Tigers,AL,Central
2005,Houston Astros,NL,Central
2005,Kansas City Royals,AL,Central
2005,Los Angeles Dodgers,NL,West
2005,Washington Nationals,NL,East
2005,New York Mets,NL,East
2006,Oakland Athletics,AL,West
2006,Pittsburgh Pirates,NL,Central
2006,San Diego Padres,NL,West
2006,Seattle Mariners,AL,West
2006,San Francisco Giants,NL,West
2006,St. Louis Cardinals,NL,Central
2006,Tampa Bay Rays,AL,East
2006,Texas Rangers,AL,West
2006,Toronto Blue Jays,AL,East
2006,Minnesota Twins,AL,Central
2006,Philadelphia Phillies,NL,East
2006,Atlanta Braves,NL,East
2006,Chicago White Sox,AL,Central
2006,Miami Marlins,NL,East
2006,New York Yankees,AL,East
2006,Milwaukee Brewers,NL,Central
2006,Los Angeles Angels,AL,West
2006,Arizona Diamondbacks,NL,West
2006,Baltimore Orioles,AL,East
2006,Boston Red Sox,AL,East
2006,Chicago Cubs,NL,Central
2006,Cincinnati Reds,NL,Central
2006,Cleveland Guardians,AL,Central
2006,Colorado Rockies,NL,West
2006,Detroit Tigers,AL,Central
2006,Houston Astros,NL,Central
2006,Kansas City Royals,AL,Central
2006,Los Angeles Dodgers,NL,West
2006,Washington Nationals,NL,East
2006,New York Mets,NL,East
2007,Oakland Athletics,AL,West
2007,Pittsburgh Pirates,NL,Central
2007,San Diego Padres,NL,West
2007,Seattle Mariners,AL,West
2007,San Francisco Giants,NL,West
2007,St. Louis Cardinals,NL,Central
2007,Tampa Bay Rays,AL,East
2007,Texas Rangers,AL,West
2007,Toronto Blue Jays,AL,East
2007,Minnesota Twins,AL,Central
2007,Philadelphia Phillies,NL,East
2007,Atlanta Braves,NL,East
2007,Chicago White Sox,AL,Central
2007,Miami Marlins,NL,East
2007,New York Yankees,AL,East
2007,Milwaukee Brewers,NL,Central
2007,Los Angeles Angels,AL,West
2007,Arizona Diamondbacks,NL,West
2007,Baltimore Orioles,AL,East
2007,Boston Red Sox,AL,East
2007,Chicago Cubs,NL,Central
2007,Cincinnati Reds,NL,Central
2007,Cleveland Guardians,AL,Central
2007,Colorado Rockies,NL,West
2007,Detroit Tigers,AL,Central
2007,Houston Astros,NL,Central
2007,Kansas City Royals,AL,Central
2007,Los Angeles Dodgers,NL,West
2007,Washington Nationals,NL,East
2007,New York Mets,NL,East
2008,Oakland Athletics,AL,West
2008,Pittsburgh Pirates,NL,Central
2008,San Diego Padres,NL,West
2008,Seattle Mariners,AL,West
2008,San Francisco Giants,NL,West
2008,St. Louis Cardinals,NL,Central
2008,Tampa Bay Rays,AL,East
2008,Texas Rangers,AL,West
2008,Toronto Blue Jays,AL,East
2008,Minnesota Twins,AL,Central
2008,Philadelphia Phillies,NL,East
2008,Atlanta Braves,NL,East
2008,Chicago White Sox,AL,Central
2008,Miami Marlins,NL,East
2008,New York Yankees,AL,East
2008,Milwaukee Brewers,NL,Central
2008,Los Angeles Angels,AL,West
2008,Arizona Diamondbacks,NL,West
2008,Baltimore Orioles,AL,East
2008,Boston Red Sox,AL,East
2008,Chicago Cubs,NL,Central
2008,Cincinnati Reds,NL,Central
2008,Cleveland Guardians,AL,Central
2008,Colorado Rockies,NL,West
2008,Detroit Tigers,AL,Central
2008,Houston Astros,NL,Central
2008,Kansas City Royals,AL,Central
2008,Los Angeles Dodgers,NL,West
2008,Washington Nationals,NL,East
2008,New York Mets,NL,East
2009,Oakland Athletics,AL,West
2009,Pittsburgh Pirates,NL,Central
2009,San Diego Padres,NL,West
2009,Seattle Mariners,AL,West
2009,San Francisco Giants,NL,West
2009,St. Louis Cardinals,NL,Central
2009,Tampa Bay Rays,AL,East
2009,Texas Rangers,AL,West
2009,Toronto Blue Jays,AL,East
2009,Minnesota Twins,AL,Central
2009,Philadelphia Phillies,NL,East
2009,Atlanta Braves,NL,East
2009,Chicago White Sox,AL,Central
2009,Miami Marlins,NL,East
2009,New York Yankees,AL,East
2009,Milwaukee Brewers,NL,Central
2009,Los Angeles Angels,AL,West
2009,Arizona Diamondbacks,NL,West
2009,Baltimore Orioles,AL,East
2009,Boston Red Sox,AL,East
2009,Chicago Cubs,NL,Central
2009,Cincinnati Reds,NL,Central
2009,Cleveland Guardians,AL,Central
2009,Colorado Rockies,NL,West
2009,Detroit Tigers,AL,Central
2009,Houston Astros,NL,Central
2009,Kansas City Royals,AL,Central
2009,Los Angeles Dodgers,NL,West
2009,Washington Nationals,NL,East
2009,New York Mets,NL,East
2010,Oakland Athletics,AL,West
2010,Pittsburgh Pirates,NL,Central
2010,San Diego Padres,NL,West
2010,Seattle Mariners,AL,West
2010,San Francisco Giants,NL,West
2010,St. Louis Cardinals,NL,Central
2010,Tampa Bay Rays,AL,East
2010,Texas Rangers,AL,West
2010,Toronto Blue Jays,AL,East
2010,Minnesota Twins,AL,Central
2010,Philadelphia Phillies,NL,East
2010,Atlanta Braves,NL,East
2010,Chicago White Sox,AL,Central
2010,Miami Marlins,NL,East
2010,New York Yankees,AL,East
2010,Milwaukee Brewers,NL,Central
2010,Los Angeles Angels,AL,West
2010,Arizona Diamondbacks,NL,West
2010,Baltimore Orioles,AL,East
2010,Boston Red Sox,AL,East
2010,Chicago Cubs,NL,Central
2010,Cincinnati Reds,NL,Central
2010,Cleveland Guardians,AL,Central
2010,Colorado Rockies,NL,West
2010,Detroit Tigers,AL,Central
2010,Houston Astros,NL,Central
2010,Kansas City Royals,AL,Central
2010,Los Angeles Dodgers,NL,West
2010,Washington Nationals,NL,East
2010,New York Mets,NL,East
2011,Oakland Athletics,AL,West
2011,Pittsburgh Pirates,NL,Central
2011,San Diego Padres,NL,West
2011,Seattle Mariners,AL,West
2011,San Francisco Giants,NL,West
2011,St. Louis Cardinals,NL,Central
2011,Tampa Bay Rays,AL,East
2011,Texas Rangers,AL,West
2011,Toronto Blue Jays,AL,East
2011,Minnesota Twins,AL,Central
2011,Philadelphia Phillies,NL,East
2011,Atlanta Braves,NL,East
2011,Chicago White Sox,AL,Central
2011,Miami Marlins,NL,East
2011,New York Yankees,AL,East
2011,Milwaukee Brewers,NL,Central
2011,Los Angeles Angels,AL,West
2011,Arizona Diamondbacks,NL,West
2011,Baltimore Orioles,AL,East
2011,Boston Red Sox,AL,East
2011,Chicago Cubs,NL,Central
2011,Cincinnati Reds,NL,Central
2011,Cleveland Guardians,AL,Central
2011,Colorado Rockies,NL,West
2011,Detroit Tigers,AL,Central
2011,Houston Astros,NL,Central
2011,Kansas City Royals,AL,Central
2011,Los Angeles Dodgers,NL,West
2011,Washington Nationals,NL,East
2011,New York Mets,NL,East
2012,Oakland Athletics,AL,West
2012,Pittsburgh Pirates,NL,Central
2012,San Diego Padres,NL,West
2012,Seattle Mariners,AL,West
2012,San Francisco Giants,NL,West
2012,St. Louis Cardinals,NL,Central
2012,Tampa Bay Rays,AL,East
2012,Texas Rangers,AL,West
2012,Toronto Blue Jays,AL,East
2012,Minnesota Twins,AL,Central
2012,Philadelphia Phillies,NL,East
2012,Atlanta Braves,NL,East
2012,Chicago White Sox,AL,Central
2012,Miami Marlins,NL,East
2012,New York Yankees,AL,East
2012,Milwaukee Brewers,NL,Central
2012,Los Angeles Angels,AL,West
2012,Arizona Diamondbacks,NL,West
2012,Baltimore Orioles,AL,East
2012,Boston Red Sox,AL,East
2012,Chicago Cubs,NL,Central
2012,Cincinnati Reds,NL,Central
2012,Cleveland Guardians,AL,Central
2012,Colorado Rockies,NL,West
2012,Detroit Tigers,AL,Central
2012,Houston Astros,NL,Central
2012,Kansas City Royals,AL,Central
2012,Los Angeles Dodgers,NL,West
2012,Washington Nationals,NL,East
2012,New York Mets,NL,East
2013,Oakland Athletics,AL,West
2013,Pittsburgh Pirates,NL,Central
2013,San Diego Padres,NL,West
2013,Seattle Mariners,AL,West
2013,San Francisco Giants,NL,West
2013,St. Louis Cardinals,NL,Central
2013,Tampa Bay Rays,AL,East
2013,Texas Rangers,AL,West
2013,Toronto Blue Jays,AL,East
2013,Minnesota Twins,AL,Central
2013,Philadelphia Phillies,NL,East
2013,Atlanta Braves,NL,East
2013,Chicago White Sox,AL,Central
2013,Miami Marlins,NL,East
2013,New York Yankees,AL,East
2013,Milwaukee Brewers,NL,Central
2013,Los Angeles Angels,AL,West
2013,Arizona Diamondbacks,NL,West
2013,Baltimore Orioles,AL,East
2013,Boston Red Sox,AL,East
2013,Chicago Cubs,NL,Central
2013,Cincinnati Reds,NL,Central
2013,Cleveland Guardians,AL,Central
2013,Colorado Rockies,NL,West
2013,Detroit Tigers,AL,Central
2013,Houston Astros,AL,West
2013,Kansas City Royals,AL,Central
2013,Los Angeles Dodgers,NL,West
2013,Washington Nationals,NL,East
2013,New York Mets,NL,East
2014,Oakland Athletics,AL,West
2014,Pittsburgh Pirates,NL,Central
2014,San Diego Padres,NL,West
2014,Seattle Mariners,AL,West
2014,San Francisco Giants,NL,West
2014,St. Louis Cardinals,NL,Central
2014,Tampa Bay Rays,AL,East
2014,Texas Rangers,AL,West
2014,Toronto Blue Jays,AL,East
2014,Minnesota Twins,AL,Central
2014,Philadelphia Phillies,NL,East
2014,Atlanta Braves,NL,East
2014,Chicago White Sox,AL,Central
2014,Miami Marlins,NL,East
2014,New York Yankees,AL,East
2014,Milwaukee Brewers,NL,Central
2014,Los Angeles Angels,AL,West
2014,Arizona Diamondbacks,NL,West
2014,Baltimore Orioles,AL,East
2014,Boston Red Sox,AL,East
2014,Chicago Cubs,NL,Central
2014,Cincinnati Reds,NL,Central
2014,Cleveland Guardians,AL,Central
2014,Colorado Rockies,NL,West
2014,Detroit Tigers,AL,Central
2014,Houston Astros,AL,West
2014,Kansas City Royals,AL,Central
2014,Los Angeles Dodgers,NL,West
2014,Washington Nationals,NL,East
2014,New York Mets,NL,East
2015,Oakland Athletics,AL,West
2015,Pittsburgh Pirates,NL,Central
2015,San Diego Padres,NL,West
2015,Seattle Mariners,AL,West
2015,San Francisco Giants,NL,West
2015,St. Louis Cardinals,NL,Central
2015,Tampa Bay Rays,AL,East
2015,Texas Rangers,AL,West
2015,Toronto Blue Jays,AL,East
2015,Minnesota Twins,AL,Central
2015,Philadelphia Phillies,NL,East
2015,Atlanta Braves,NL,East
2015,Chicago White Sox,AL,Central
2015,Miami Marlins,NL,East
2015,New York Yankees,AL,East
2015,Milwaukee Brewers,NL,Central
2015,Los Angeles Angels,AL,West
2015,Arizona Diamondbacks,NL,West
2015,Baltimore Orioles,AL,East
2015,Boston Red Sox,AL,East
2015,Chicago Cubs,NL,Central
2015,Cincinnati Reds,NL,Central
2015,Cleveland Guardians,AL,Central
2015,Colorado Rockies,NL,West
2015,Detroit Tigers,AL,Central
2015,Houston Astros,AL,West
2015,Kansas City Royals,AL,Central
2015,Los Angeles Dodgers,NL,West
2015,Washington Nationals,NL,East
2015,New York Mets,NL,East
2016,Oakland Athletics,AL,West
2016,Pittsburgh Pirates,NL,Central
2016,San Diego Padres,NL,West
2016,Seattle Mariners,AL,West
2016,San Francisco Giants,NL,West
2016,St. Louis Cardinals,NL,Central
2016,Tampa Bay Rays,AL,East
2016,Texas Rangers,AL,West
2016,Toronto Blue Jays,AL,East
2016,Minnesota Twins,AL,Central
2016,Philadelphia Phillies,NL,East
2016,Atlanta Braves,NL,East
2016,Chicago White Sox,AL,Central
2016,Miami Marlins,NL,East
2016,New York Yankees,AL,East
2016,Milwaukee Brewers,NL,Central
2016,Los Angeles Angels,AL,West
2016,Arizona Diamondbacks,NL,West
2016,Baltimore Orioles,AL,East
2016,Boston Red Sox,AL,East
2016,Chicago Cubs,NL,Central
2016,Cincinnati Reds,NL,Central
2016,Cleveland Guardians,AL,Central
2016,Colorado Rockies,NL,West
2016,Detroit Tigers,AL,Central
2016,Houston Astros,AL,West
2016,Kansas City Royals,AL,Central
2016,Los Angeles Dodgers,NL,West
2016,Washington Nationals,NL,East
2016,New York Mets,NL,East
2017,Oakland Athletics,AL,West
2017,Pittsburgh Pirates,NL,Central
2017,San Diego Padres,NL,West
2017,Seattle Mariners,AL,West
2017,San Francisco Giants,NL,West
2017,St. Louis Cardinals,NL,Central
2017,Tampa Bay Rays,AL,East
2017,Texas Rangers,AL,West
2017,Toronto Blue Jays,AL,East
2017,Minnesota Twins,AL,Central
2017,Philadelphia Phillies,NL,East
2017,Atlanta Braves,NL,East
2017,Chicago White Sox,AL,Central
2017,Miami Marlins,NL,East
2017,New York Yankees,AL,East
2017,Milwaukee Brewers,NL,Central
2017,Los Angeles Angels,AL,West
2017,Arizona Diamondbacks,NL,West
2017,Baltimore Orioles,AL,East
2017,Boston Red Sox,AL,East
2017,Chicago Cubs,NL,Central
2017,Cincinnati Reds,NL,Central
2017,Cleveland Guardians,AL,Central
2017,Colorado Rockies,NL,West
2017,Detroit Tigers,AL,Central
2017,Houston Astros,AL,West
2017,Kansas City Royals,AL,Central
2017,Los Angeles Dodgers,NL,West
2017,Washington Nationals,NL,East
2017,New York Mets,NL,East
2018,Oakland Athletics,AL,West
2018,Pittsburgh Pirates,NL,Central
2018,San Diego Padres,NL,West
2018,Seattle Mariners,AL,West
2018,San Francisco Giants,NL,West
2018,St. Louis Cardinals,NL,Central
2018,Tampa Bay Rays,AL,East
2018,Texas Rangers,AL,West
2018,Toronto Blue Jays,AL,East
2018,Minnesota Twins,AL,Central
2018,Philadelphia Phillies,NL,East
2018,Atlanta Braves,NL,East
2018,Chicago White Sox,AL,Central
2018,Miami Marlins,NL,East
2018,New York Yankees,AL,East
2018,Milwaukee Brewers,NL,Central
2018,Los Angeles Angels,AL,West
2018,Arizona Diamondbacks,NL,West
2018,Baltimore Orioles,AL,East
2018,Boston Red Sox,AL,East
2018,Chicago Cubs,NL,Central
2018,Cincinnati Reds,NL,Central
2018,Cleveland Guardians,AL,Central
2018,Colorado Rockies,NL,West
2018,Detroit Tigers,AL,Central
2018,Houston Astros,AL,West
2018,Kansas City Royals,AL,Central
2018,Los Angeles Dodgers,NL,West
2018,Washington Nationals,NL,East
2018,New York Mets,NL,East
2019,Oakland Athletics,AL,West
2019,Pittsburgh Pirates,NL,Central
2019,San Diego Padres,NL,West
2019,Seattle Mariners,AL,West
2019,San Francisco Giants,NL,West
2019,St. Louis Cardinals,NL,Central
2019,Tampa Bay Rays,AL,East
2019,Texas Rangers,AL,West
2019,Toronto Blue Jays,AL,East
2019,Minnesota Twins,AL,Central
2019,Philadelphia Phillies,NL,East
2019,Atlanta Braves,NL,East
2019,Chicago White Sox,AL,Central
2019,Miami Marlins,NL,East
2019,New York Yankees,AL,East
2019,Milwaukee Brewers,NL,Central
2019,Los Angeles Angels,AL,West
2019,Arizona Diamondbacks,NL,West
2019,Baltimore Orioles,AL,East
2019,Boston Red Sox,AL,East
2019,Chicago Cubs,NL,Central
2019,Cincinnati Reds,NL,Central
2019,Cleveland Guardians,AL,Central
2019,Colorado Rockies,NL,West
2019,Detroit Tigers,AL,Central
2019,Houston Astros,AL,West
2019,Kansas City Royals,AL,Central
2019,Los Angeles Dodgers,NL,West
2019,Washington Nationals,NL,East
2019,New York Mets,NL,East
2020,Oakland Athletics,AL,West
2020,Pittsburgh Pirates,NL,Central
2020,San Diego Padres,NL,West
2020,Seattle Mariners,AL,West
2020,San Francisco Giants,NL,West
2020,St. Louis Cardinals,NL,Central
2020,Tampa Bay Rays,AL,East
2020,Texas Rangers,AL,West
2020,Toronto Blue Jays,AL,East
2020,Minnesota Twins,AL,Central
2020,Philadelphia Phillies,NL,East
2020,Atlanta Braves,NL,East
2020,Chicago White Sox,AL,Central
2020,Miami Marlins,NL,East
2020,New York Yankees,AL,East
2020,Milwaukee Brewers,NL,Central
2020,Los Angeles Angels,AL,West
2020,Arizona Diamondbacks,NL,West
2020,Baltimore Orioles,AL,East
2020,Boston Red Sox,AL,East
2020,Chicago Cubs,NL,Central
2020,Cincinnati Reds,NL,Central
2020,Cleveland Guardians,AL,Central
2020,Colorado Rockies,NL,West
2020,Detroit Tigers,AL,Central
2020,Houston Astros,AL,West
2020,Kansas City Royals,AL,Central
2020,Los Angeles Dodgers,NL,West
2020,Washington Nationals,NL,East
2020,New York Mets,NL,East
2021,Oakland Athletics,AL,West
2021,Pittsburgh Pirates,NL,Central
2021,San Diego Padres,NL,West
2021,Seattle Mariners,AL,West
2021,San Francisco Giants,NL,West
2021,St. Louis Cardinals,NL,Central
2021,Tampa Bay Rays,AL,East
2021,Texas Rangers,AL,West
2021,Toronto Blue Jays,AL,East
2021,Minnesota Twins,AL,Central
2021,Philadelphia Phillies,NL,East
2021,Atlanta Braves,NL,East
2021,Chicago White Sox,AL,Central
2021,Miami Marlins,NL,East
2021,New York Yankees,AL,East
2021,Milwaukee Brewers,NL,Central
2021,Los Angeles Angels,AL,West
2021,Arizona Diamondbacks,NL,West
2021,Baltimore Orioles,AL,East
2021,Boston Red Sox,AL,East
2021,Chicago Cubs,NL,Central
2021,Cincinnati Reds,NL,Central
2021,Cleveland Guardians,AL,Central
2021,Colorado Rockies,NL,West
2021,Detroit Tigers,AL,Central
2021,Houston Astros,AL,West
2021,Kansas City Royals,AL,Central
2021,Los Angeles Dodgers,NL,West
2021,Washington Nationals,NL,East
2021,New York Mets,NL,East
2022,Oakland Athletics,AL,West
2022,Pittsburgh Pirates,NL,Central
2022,San Diego Padres,NL,West
2022,Seattle Mariners,AL,West
2022,San Francisco Giants,NL,West
2022,St. Louis Cardinals,NL,Central
2022,Tampa Bay Rays,AL,East
2022,Texas Rangers,AL,West
2022,Toronto Blue Jays,AL,East
2022,Minnesota Twins,AL,Central
2022,Philadelphia Phillies,NL,East
2022,Atlanta Braves,NL,East
2022,Chicago White Sox,AL,Central
2022,Miami Marlins,NL,East
2022,New York Yankees,AL,East
2022,Milwaukee Brewers,NL,Central
2022,Los Angeles Angels,AL,West
2022,Arizona Diamondbacks,NL,West
2022,Baltimore Orioles,AL,East
2022,Boston Red Sox,AL,East
2022,Chicago Cubs,NL,Central
2022,Cincinnati Reds,NL,Central
2022,Cleveland Guardians,AL,Central
2022,Colorado Rockies,NL,West
2022,Detroit Tigers,AL,Central
2022,Houston Astros,AL,West
2022,Kansas City Royals,AL,Central
2022,Los Angeles Dodgers,NL,West
2022,Washington Nationals,NL,East
2022,New York Mets,NL,East
2023,Oakland Athletics,AL,West
2023,Pittsburgh Pirates,NL,Central
2023,San Diego Padres,NL,West
2023,Seattle Mariners,AL,West
2023,San Francisco Giants,NL,West
2023,St. Louis Cardinals,NL,Central
2023,Tampa Bay Rays,AL,East
2023,Texas Rangers,AL,West
2023,Toronto Blue Jays,AL,East
2023,Minnesota Twins,AL,Central
2023,Philadelphia Phillies,NL,East
2023,Atlanta Braves,NL,East
2023,Chicago White Sox,AL,Central
2023,Miami Marlins,NL,East
2023,New York Yankees,AL,East
2023,Milwaukee Brewers,NL,Central
2023,Los Angeles Angels,AL,West
2023,Arizona Diamondbacks,NL,West
2023,Baltimore Orioles,AL,East
2023,Boston Red Sox,AL,East
2023,Chicago Cubs,NL,Central
2023,Cincinnati Reds,NL,Central
2023,Cleveland Guardians,AL,Central
2023,Colorado Rockies,NL,West
2023,Detroit Tigers,AL,Central
2023,Houston Astros,AL,West
2023,Kansas City Royals,AL,Central
2023,Los Angeles Dodgers,NL,West
2023,Washington Nationals,NL,East
2023,New York Mets,NL,East
2024,Oakland Athletics,AL,West
2024,Pittsburgh Pirates,NL,Central
2024,San Diego Padres,NL,West
2024,Seattle Mariners,AL,West
2024,San Francisco Giants,NL,West
2024,St. Louis Cardinals,NL,Central
2024,Tampa Bay Rays,AL,East
2024,Texas Rangers,AL,West
2024,Toronto Blue Jays,AL,East
2024,Minnesota Twins,AL,Central
2024,Philadelphia Phillies,NL,East
2024,Atlanta Braves,NL,East
2024,Chicago White Sox,AL,Central
2024,Miami Marlins,NL,East
2024,New York Yankees,AL,East
2024,Milwaukee Brewers,NL,Central
2024,Los Angeles Angels,AL,West
2024,Arizona Diamondbacks,NL,West
2024,Baltimore Orioles,AL,East
2024,Boston Red Sox,AL,East
2024,Chicago Cubs,NL,Central
2024,Cincinnati Reds,NL,Central
2024,Cleveland Guardians,AL,Central
2024,Colorado Rockies,NL,West
2024,Detroit Tigers,AL,Central
2024,Houston Astros,AL,West
2024,Kansas City Royals,AL,Central
2024,Los Angeles Dodgers,NL,West
2024,Washington Nationals,NL,East
2024,New York Mets,NL,East
2025,Las Vegas Athletics,AL,West
2025,Pittsburgh Pirates,NL,Central
2025,San Diego Padres,NL,West
2025,Seattle Mariners,AL,West
2025,San Francisco Giants,NL,West
2025,St. Louis Cardinals,NL,Central
2025,Tampa Bay Rays,AL,East
2025,Texas Rangers,AL,West
2025,Toronto Blue Jays,AL,East
2025,Minnesota Twins,AL,Central
2025,Philadelphia Phillies,NL,East
2025,Atlanta Braves,NL,East
2025,Chicago White Sox,AL,Central
2025,Miami Marlins,NL,East
2025,New York Yankees,AL,East
2025,Milwaukee Brewers,NL,Central
2025,Los Angeles Angels,AL,West
2025,Arizona Diamondbacks,NL,West
2025,Baltimore Orioles,AL,East
2025,Boston Red Sox,AL,East
2025,Chicago Cubs,NL,Central
2025,Cincinnati Reds,NL,Central
2025,Cleveland Guardians,AL,Central
2025,Colorado Rockies,NL,West
2025,Detroit Tigers,AL,Central
2025,Houston Astros,AL,West
2025,Kansas City Royals,AL,Central
2025,Los Angeles Dodgers,NL,West
2025,Washington Nationals,NL,East
2025,New York Mets,NL,East
2026,Las Vegas Athletics,AL,West
2026,Pittsburgh Pirates,NL,Central
2026,San Diego Padres,NL,West
2026,Seattle Mariners,AL,West
2026,San Francisco Giants,NL,West
2026,St. Louis Cardinals,NL,Central
2026,Tampa Bay Rays,AL,East
2026,Texas Rangers,AL,West
2026,Toronto Blue Jays,AL,East
2026,Minnesota Twins,AL,Central
2026,Philadelphia Phillies,NL,East
2026,Atlanta Braves,NL,East
2026,Chicago White Sox,AL,Central
2026,Miami Marlins,NL,East
2026,New York Yankees,AL,East
2026,Milwaukee Brewers,NL,Central
2026,Los Angeles Angels,AL,West
2026,Arizona Diamondbacks,NL,West
2026,Baltimore Orioles,AL,East
2026,Boston Red Sox,AL,East
2026,Chicago Cubs,NL,Central
2026,Cincinnati Reds,NL,Central
2026,Cleveland Guardians,AL,Central
2026,Colorado Rockies,NL,West
2026,Detroit Tigers,AL,Central
2026,Houston Astros,AL,West
2026,Kansas City Royals,AL,Central
2026,Los Angeles Dodgers,NL,West
2026,Washington Nationals,NL,East
2026,New York Mets,NL,East
